{"cameraMode":{"drawMode":0,"name":"Shaded","section":"Shading Mode"},"sceneLighting":true,"audioPlay":false,"sceneViewState":{"m_AlwaysRefresh":false,"showFog":true,"showSkybox":true,"showFlares":true,"showImageEffects":true,"showParticleSystems":true,"showVisualEffectGraphs":true,"m_FxEnabled":true},"in2DMode":false,"pivot":{"x":-7.540744304656982,"y":-0.9919819831848145,"z":11.81480884552002},"rotation":{"x":-0.08795501291751862,"y":0.025892628356814386,"z":-0.0023555904626846315,"w":-0.9958741664886475},"size":12.124356269836426,"orthographic":false}